id	text
1	This note reflects voter turnout in politics, sketching how small choices ripple through institutions. It favors concrete examples over slogans, weighing trade-offs and showing how people build consensus when goals collide.
2	A snapshot of team chemistry in sport: routines, nerves, and the way tiny adjustments decide matches. It reads like sideline notes, mixing tactics with the stubborn joy that keeps athletes coming back.
3	Here the focus is indie development within gaming, where players test ideas, fail fast, and share tricks. It hints at design intent and the community habits that turn mechanics into stories.
4	A brief on edtech tools in education: how classrooms adapt, what feedback loops work, and why pacing matters. It collects small practices that make learning stick without flashy gimmicks.
5	On coastal erosion in environment, this paragraph tracks everyday interventions that compound over years. It emphasizes pragmatic steps, local context, and the patience required for durable change.
6	Concerning lab safety in science, this passage traces how careful methods and transparent records turn ideas into evidence. It values small wins and the craft behind reliable results.
7	A note about problem decomposition in maths: start from simple cases, look for invariants, and name the structure you find. The aim is clarity over cleverness, with examples that travel well.
8	Focused on conflict timelines in history, this sketch follows threads across time rather than reciting dates. It asks who kept the records, who was left out, and how interpretations shift.
9	Regarding monsoon patterns in geography, the piece ties physical patterns to livelihoods. It reads maps like narratives, showing how terrain nudges routes, borders, and everyday choices.
10	A vignette about letters never sent in fiction: two sentences linger on a detail, then the scene pivots. It trusts subtext, leaving space for the reader to finish the moment.
11	This note reflects transparency in politics, sketching how small choices ripple through institutions. It favors concrete examples over slogans, weighing trade-offs and showing how people build consensus when goals collide.
12	A snapshot of team chemistry in sport: routines, nerves, and the way tiny adjustments decide matches. It reads like sideline notes, mixing tactics with the stubborn joy that keeps athletes coming back.
13	Here the focus is level design within gaming, where players test ideas, fail fast, and share tricks. It hints at design intent and the community habits that turn mechanics into stories.
14	A brief on assessment design in education: how classrooms adapt, what feedback loops work, and why pacing matters. It collects small practices that make learning stick without flashy gimmicks.
15	On coastal erosion in environment, this paragraph tracks everyday interventions that compound over years. It emphasizes pragmatic steps, local context, and the patience required for durable change.
16	Concerning peer review in science, this passage traces how careful methods and transparent records turn ideas into evidence. It values small wins and the craft behind reliable results.
17	A note about calculus applications in maths: start from simple cases, look for invariants, and name the structure you find. The aim is clarity over cleverness, with examples that travel well.
18	Focused on architecture and power in history, this sketch follows threads across time rather than reciting dates. It asks who kept the records, who was left out, and how interpretations shift.
19	Regarding river systems in geography, the piece ties physical patterns to livelihoods. It reads maps like narratives, showing how terrain nudges routes, borders, and everyday choices.
20	A vignette about detective notes in fiction: two sentences linger on a detail, then the scene pivots. It trusts subtext, leaving space for the reader to finish the moment.
21	This note reflects public debates in politics, sketching how small choices ripple through institutions. It favors concrete examples over slogans, weighing trade-offs and showing how people build consensus when goals collide.
22	A snapshot of tournament pressure in sport: routines, nerves, and the way tiny adjustments decide matches. It reads like sideline notes, mixing tactics with the stubborn joy that keeps athletes coming back.
23	Here the focus is e-sports scrims within gaming, where players test ideas, fail fast, and share tricks. It hints at design intent and the community habits that turn mechanics into stories.
24	A brief on edtech tools in education: how classrooms adapt, what feedback loops work, and why pacing matters. It collects small practices that make learning stick without flashy gimmicks.
25	On reforestation in environment, this paragraph tracks everyday interventions that compound over years. It emphasizes pragmatic steps, local context, and the patience required for durable change.
26	Concerning ethics in research in science, this passage traces how careful methods and transparent records turn ideas into evidence. It values small wins and the craft behind reliable results.
27	A note about geometry constructions in maths: start from simple cases, look for invariants, and name the structure you find. The aim is clarity over cleverness, with examples that travel well.
28	Focused on primary sources in history, this sketch follows threads across time rather than reciting dates. It asks who kept the records, who was left out, and how interpretations shift.
29	Regarding urban sprawl in geography, the piece ties physical patterns to livelihoods. It reads maps like narratives, showing how terrain nudges routes, borders, and everyday choices.
30	A vignette about small-town secrets in fiction: two sentences linger on a detail, then the scene pivots. It trusts subtext, leaving space for the reader to finish the moment.
31	This note reflects local governance in politics, sketching how small choices ripple through institutions. It favors concrete examples over slogans, weighing trade-offs and showing how people build consensus when goals collide.
32	A snapshot of injury recovery in sport: routines, nerves, and the way tiny adjustments decide matches. It reads like sideline notes, mixing tactics with the stubborn joy that keeps athletes coming back.
33	Here the focus is modding communities within gaming, where players test ideas, fail fast, and share tricks. It hints at design intent and the community habits that turn mechanics into stories.
34	A brief on edtech tools in education: how classrooms adapt, what feedback loops work, and why pacing matters. It collects small practices that make learning stick without flashy gimmicks.
35	On air quality in environment, this paragraph tracks everyday interventions that compound over years. It emphasizes pragmatic steps, local context, and the patience required for durable change.
36	Concerning reproducibility in science, this passage traces how careful methods and transparent records turn ideas into evidence. It values small wins and the craft behind reliable results.
37	A note about problem decomposition in maths: start from simple cases, look for invariants, and name the structure you find. The aim is clarity over cleverness, with examples that travel well.
38	Focused on local archives in history, this sketch follows threads across time rather than reciting dates. It asks who kept the records, who was left out, and how interpretations shift.
39	Regarding monsoon patterns in geography, the piece ties physical patterns to livelihoods. It reads maps like narratives, showing how terrain nudges routes, borders, and everyday choices.
40	A vignette about found families in fiction: two sentences linger on a detail, then the scene pivots. It trusts subtext, leaving space for the reader to finish the moment.
41	This note reflects coalition building in politics, sketching how small choices ripple through institutions. It favors concrete examples over slogans, weighing trade-offs and showing how people build consensus when goals collide.
42	A snapshot of grassroots leagues in sport: routines, nerves, and the way tiny adjustments decide matches. It reads like sideline notes, mixing tactics with the stubborn joy that keeps athletes coming back.
43	Here the focus is narrative choices within gaming, where players test ideas, fail fast, and share tricks. It hints at design intent and the community habits that turn mechanics into stories.
44	A brief on project-based work in education: how classrooms adapt, what feedback loops work, and why pacing matters. It collects small practices that make learning stick without flashy gimmicks.
45	On water stewardship in environment, this paragraph tracks everyday interventions that compound over years. It emphasizes pragmatic steps, local context, and the patience required for durable change.
46	Concerning instrument calibration in science, this passage traces how careful methods and transparent records turn ideas into evidence. It values small wins and the craft behind reliable results.
47	A note about graph thinking in maths: start from simple cases, look for invariants, and name the structure you find. The aim is clarity over cleverness, with examples that travel well.
48	Focused on migration routes in history, this sketch follows threads across time rather than reciting dates. It asks who kept the records, who was left out, and how interpretations shift.
49	Regarding island biogeography in geography, the piece ties physical patterns to livelihoods. It reads maps like narratives, showing how terrain nudges routes, borders, and everyday choices.
50	A vignette about unlikely friendships in fiction: two sentences linger on a detail, then the scene pivots. It trusts subtext, leaving space for the reader to finish the moment.
51	This note reflects civic engagement in politics, sketching how small choices ripple through institutions. It favors concrete examples over slogans, weighing trade-offs and showing how people build consensus when goals collide.
52	A snapshot of coaching tactics in sport: routines, nerves, and the way tiny adjustments decide matches. It reads like sideline notes, mixing tactics with the stubborn joy that keeps athletes coming back.
53	Here the focus is co-op strategy within gaming, where players test ideas, fail fast, and share tricks. It hints at design intent and the community habits that turn mechanics into stories.
54	A brief on learning analytics in education: how classrooms adapt, what feedback loops work, and why pacing matters. It collects small practices that make learning stick without flashy gimmicks.
55	On soil health in environment, this paragraph tracks everyday interventions that compound over years. It emphasizes pragmatic steps, local context, and the patience required for durable change.
56	Concerning field work logistics in science, this passage traces how careful methods and transparent records turn ideas into evidence. It values small wins and the craft behind reliable results.
57	A note about number theory patterns in maths: start from simple cases, look for invariants, and name the structure you find. The aim is clarity over cleverness, with examples that travel well.
58	Focused on cultural exchange in history, this sketch follows threads across time rather than reciting dates. It asks who kept the records, who was left out, and how interpretations shift.
59	Regarding transport corridors in geography, the piece ties physical patterns to livelihoods. It reads maps like narratives, showing how terrain nudges routes, borders, and everyday choices.
60	A vignette about haunted houses in fiction: two sentences linger on a detail, then the scene pivots. It trusts subtext, leaving space for the reader to finish the moment.
61	This note reflects budget negotiations in politics, sketching how small choices ripple through institutions. It favors concrete examples over slogans, weighing trade-offs and showing how people build consensus when goals collide.
62	A snapshot of sports analytics in sport: routines, nerves, and the way tiny adjustments decide matches. It reads like sideline notes, mixing tactics with the stubborn joy that keeps athletes coming back.
63	Here the focus is game balancing within gaming, where players test ideas, fail fast, and share tricks. It hints at design intent and the community habits that turn mechanics into stories.
64	A brief on STEM equity in education: how classrooms adapt, what feedback loops work, and why pacing matters. It collects small practices that make learning stick without flashy gimmicks.
65	On recycling challenges in environment, this paragraph tracks everyday interventions that compound over years. It emphasizes pragmatic steps, local context, and the patience required for durable change.
66	Concerning citizen science in science, this passage traces how careful methods and transparent records turn ideas into evidence. It values small wins and the craft behind reliable results.
67	A note about optimization ideas in maths: start from simple cases, look for invariants, and name the structure you find. The aim is clarity over cleverness, with examples that travel well.
68	Focused on biographical sketches in history, this sketch follows threads across time rather than reciting dates. It asks who kept the records, who was left out, and how interpretations shift.
69	Regarding agricultural belts in geography, the piece ties physical patterns to livelihoods. It reads maps like narratives, showing how terrain nudges routes, borders, and everyday choices.
70	A vignette about road trips in fiction: two sentences linger on a detail, then the scene pivots. It trusts subtext, leaving space for the reader to finish the moment.
71	This note reflects campaign messaging in politics, sketching how small choices ripple through institutions. It favors concrete examples over slogans, weighing trade-offs and showing how people build consensus when goals collide.
72	A snapshot of training cycles in sport: routines, nerves, and the way tiny adjustments decide matches. It reads like sideline notes, mixing tactics with the stubborn joy that keeps athletes coming back.
73	Here the focus is player accessibility within gaming, where players test ideas, fail fast, and share tricks. It hints at design intent and the community habits that turn mechanics into stories.
74	A brief on teacher burnout in education: how classrooms adapt, what feedback loops work, and why pacing matters. It collects small practices that make learning stick without flashy gimmicks.
75	On climate adaptation in environment, this paragraph tracks everyday interventions that compound over years. It emphasizes pragmatic steps, local context, and the patience required for durable change.
76	Concerning peer review in science, this passage traces how careful methods and transparent records turn ideas into evidence. It values small wins and the craft behind reliable results.
77	A note about combinatorial puzzles in maths: start from simple cases, look for invariants, and name the structure you find. The aim is clarity over cleverness, with examples that travel well.
78	Focused on biographical sketches in history, this sketch follows threads across time rather than reciting dates. It asks who kept the records, who was left out, and how interpretations shift.
79	Regarding plate boundaries in geography, the piece ties physical patterns to livelihoods. It reads maps like narratives, showing how terrain nudges routes, borders, and everyday choices.
80	A vignette about time slips in fiction: two sentences linger on a detail, then the scene pivots. It trusts subtext, leaving space for the reader to finish the moment.
81	This note reflects budget negotiations in politics, sketching how small choices ripple through institutions. It favors concrete examples over slogans, weighing trade‑offs and showing how people build consensus when goals collide.
82	A snapshot of sports analytics in sport: routines, nerves, and the way tiny adjustments decide matches. It reads like sideline notes, mixing tactics with the stubborn joy that keeps athletes coming back.
83	Here the focus is game balancing within gaming, where players test ideas, fail fast, and share tricks. It hints at design intent and the community habits that turn mechanics into stories.
84	A brief on active learning in education: how classrooms adapt, what feedback loops work, and why pacing matters. It collects small practices that make learning stick without flashy gimmicks.
85	On coastal erosion in environment, this paragraph tracks everyday interventions that compound over years. It emphasizes pragmatic steps, local context, and the patience required for durable change.
86	Concerning open data in science, this passage traces how careful methods and transparent records turn ideas into evidence. It values small wins and the craft behind reliable results.
87	A note about number theory patterns in maths: start from simple cases, look for invariants, and name the structure you find. The aim is clarity over cleverness, with examples that travel well.
88	Focused on local archives in history, this sketch follows threads across time rather than reciting dates. It asks who kept the records, who was left out, and how interpretations shift.
89	Regarding desert ecology in geography, the piece ties physical patterns to livelihoods. It reads maps like narratives, showing how terrain nudges routes, borders, and everyday choices.
90	A vignette about unlikely friendships in fiction: two sentences linger on a detail, then the scene pivots. It trusts subtext, leaving space for the reader to finish the moment.
91	This note reflects public debates in politics, sketching how small choices ripple through institutions. It favors concrete examples over slogans, weighing trade‑offs and showing how people build consensus when goals collide.
92	A snapshot of records and milestones in sport: routines, nerves, and the way tiny adjustments decide matches. It reads like sideline notes, mixing tactics with the stubborn joy that keeps athletes coming back.
93	Here the focus is game balancing within gaming, where players test ideas, fail fast, and share tricks. It hints at design intent and the community habits that turn mechanics into stories.
94	A brief on edtech tools in education: how classrooms adapt, what feedback loops work, and why pacing matters. It collects small practices that make learning stick without flashy gimmicks.
95	On reforestation in environment, this paragraph tracks everyday interventions that compound over years. It emphasizes pragmatic steps, local context, and the patience required for durable change.
96	Concerning citizen science in science, this passage traces how careful methods and transparent records turn ideas into evidence. It values small wins and the craft behind reliable results.
97	A note about graph thinking in maths: start from simple cases, look for invariants, and name the structure you find. The aim is clarity over cleverness, with examples that travel well.
98	Focused on trade networks in history, this sketch follows threads across time rather than reciting dates. It asks who kept the records, who was left out, and how interpretations shift.
99	Regarding desert ecology in geography, the piece ties physical patterns to livelihoods. It reads maps like narratives, showing how terrain nudges routes, borders, and everyday choices.
100	A vignette about haunted houses in fiction: two sentences linger on a detail, then the scene pivots. It trusts subtext, leaving space for the reader to finish the moment.
101	This note reflects public debates in politics, sketching how small choices ripple through institutions. It favors concrete examples over slogans, weighing trade‑offs and showing how people build consensus when goals collide.
102	A snapshot of tournament pressure in sport: routines, nerves, and the way tiny adjustments decide matches. It reads like sideline notes, mixing tactics with the stubborn joy that keeps athletes coming back.
103	Here the focus is narrative choices within gaming, where players test ideas, fail fast, and share tricks. It hints at design intent and the community habits that turn mechanics into stories.
104	A brief on peer instruction in education: how classrooms adapt, what feedback loops work, and why pacing matters. It collects small practices that make learning stick without flashy gimmicks.
105	On soil health in environment, this paragraph tracks everyday interventions that compound over years. It emphasizes pragmatic steps, local context, and the patience required for durable change.
106	Concerning citizen science in science, this passage traces how careful methods and transparent records turn ideas into evidence. It values small wins and the craft behind reliable results.
107	A note about linear algebra in maths: start from simple cases, look for invariants, and name the structure you find. The aim is clarity over cleverness, with examples that travel well.
108	Focused on local archives in history, this sketch follows threads across time rather than reciting dates. It asks who kept the records, who was left out, and how interpretations shift.
109	Regarding island biogeography in geography, the piece ties physical patterns to livelihoods. It reads maps like narratives, showing how terrain nudges routes, borders, and everyday choices.
110	A vignette about road trips in fiction: two sentences linger on a detail, then the scene pivots. It trusts subtext, leaving space for the reader to finish the moment.
111	This note reflects policy trade-offs in politics, sketching how small choices ripple through institutions. It favors concrete examples over slogans, weighing trade‑offs and showing how people build consensus when goals collide.
112	A snapshot of tournament pressure in sport: routines, nerves, and the way tiny adjustments decide matches. It reads like sideline notes, mixing tactics with the stubborn joy that keeps athletes coming back.
113	Here the focus is loot systems within gaming, where players test ideas, fail fast, and share tricks. It hints at design intent and the community habits that turn mechanics into stories.
114	A brief on assessment design in education: how classrooms adapt, what feedback loops work, and why pacing matters. It collects small practices that make learning stick without flashy gimmicks.
115	On urban greening in environment, this paragraph tracks everyday interventions that compound over years. It emphasizes pragmatic steps, local context, and the patience required for durable change.
116	Concerning reproducibility in science, this passage traces how careful methods and transparent records turn ideas into evidence. It values small wins and the craft behind reliable results.
117	A note about combinatorial puzzles in maths: start from simple cases, look for invariants, and name the structure you find. The aim is clarity over cleverness, with examples that travel well.
118	Focused on trade networks in history, this sketch follows threads across time rather than reciting dates. It asks who kept the records, who was left out, and how interpretations shift.
119	Regarding plate boundaries in geography, the piece ties physical patterns to livelihoods. It reads maps like narratives, showing how terrain nudges routes, borders, and everyday choices.
120	A vignette about letters never sent in fiction: two sentences linger on a detail, then the scene pivots. It trusts subtext, leaving space for the reader to finish the moment.
121	This note reflects voter turnout in politics, sketching how small choices ripple through institutions. It favors concrete examples over slogans, weighing trade‑offs and showing how people build consensus when goals collide.
122	A snapshot of grassroots leagues in sport: routines, nerves, and the way tiny adjustments decide matches. It reads like sideline notes, mixing tactics with the stubborn joy that keeps athletes coming back.
123	Here the focus is e-sports scrims within gaming, where players test ideas, fail fast, and share tricks. It hints at design intent and the community habits that turn mechanics into stories.
124	A brief on project-based work in education: how classrooms adapt, what feedback loops work, and why pacing matters. It collects small practices that make learning stick without flashy gimmicks.
125	On reforestation in environment, this paragraph tracks everyday interventions that compound over years. It emphasizes pragmatic steps, local context, and the patience required for durable change.
126	Concerning grant writing in science, this passage traces how careful methods and transparent records turn ideas into evidence. It values small wins and the craft behind reliable results.
127	A note about geometry constructions in maths: start from simple cases, look for invariants, and name the structure you find. The aim is clarity over cleverness, with examples that travel well.
128	Focused on conflict timelines in history, this sketch follows threads across time rather than reciting dates. It asks who kept the records, who was left out, and how interpretations shift.
129	Regarding river systems in geography, the piece ties physical patterns to livelihoods. It reads maps like narratives, showing how terrain nudges routes, borders, and everyday choices.
130	A vignette about unlikely friendships in fiction: two sentences linger on a detail, then the scene pivots. It trusts subtext, leaving space for the reader to finish the moment.
131	This note reflects budget negotiations in politics, sketching how small choices ripple through institutions. It favors concrete examples over slogans, weighing trade‑offs and showing how people build consensus when goals collide.
132	A snapshot of injury recovery in sport: routines, nerves, and the way tiny adjustments decide matches. It reads like sideline notes, mixing tactics with the stubborn joy that keeps athletes coming back.
133	Here the focus is game balancing within gaming, where players test ideas, fail fast, and share tricks. It hints at design intent and the community habits that turn mechanics into stories.
134	A brief on assessment design in education: how classrooms adapt, what feedback loops work, and why pacing matters. It collects small practices that make learning stick without flashy gimmicks.
135	On recycling challenges in environment, this paragraph tracks everyday interventions that compound over years. It emphasizes pragmatic steps, local context, and the patience required for durable change.
136	Concerning citizen science in science, this passage traces how careful methods and transparent records turn ideas into evidence. It values small wins and the craft behind reliable results.
137	A note about combinatorial puzzles in maths: start from simple cases, look for invariants, and name the structure you find. The aim is clarity over cleverness, with examples that travel well.
138	Focused on biographical sketches in history, this sketch follows threads across time rather than reciting dates. It asks who kept the records, who was left out, and how interpretations shift.
139	Regarding river systems in geography, the piece ties physical patterns to livelihoods. It reads maps like narratives, showing how terrain nudges routes, borders, and everyday choices.
140	A vignette about time slips in fiction: two sentences linger on a detail, then the scene pivots. It trusts subtext, leaving space for the reader to finish the moment.
141	This note reflects budget negotiations in politics, sketching how small choices ripple through institutions. It favors concrete examples over slogans, weighing trade‑offs and showing how people build consensus when goals collide.
142	A snapshot of underdog stories in sport: routines, nerves, and the way tiny adjustments decide matches. It reads like sideline notes, mixing tactics with the stubborn joy that keeps athletes coming back.
143	Here the focus is narrative choices within gaming, where players test ideas, fail fast, and share tricks. It hints at design intent and the community habits that turn mechanics into stories.
144	A brief on assessment design in education: how classrooms adapt, what feedback loops work, and why pacing matters. It collects small practices that make learning stick without flashy gimmicks.
145	On recycling challenges in environment, this paragraph tracks everyday interventions that compound over years. It emphasizes pragmatic steps, local context, and the patience required for durable change.
146	Concerning grant writing in science, this passage traces how careful methods and transparent records turn ideas into evidence. It values small wins and the craft behind reliable results.
147	A note about linear algebra in maths: start from simple cases, look for invariants, and name the structure you find. The aim is clarity over cleverness, with examples that travel well.
148	Focused on migration routes in history, this sketch follows threads across time rather than reciting dates. It asks who kept the records, who was left out, and how interpretations shift.
149	Regarding urban sprawl in geography, the piece ties physical patterns to livelihoods. It reads maps like narratives, showing how terrain nudges routes, borders, and everyday choices.
150	A vignette about found families in fiction: two sentences linger on a detail, then the scene pivots. It trusts subtext, leaving space for the reader to finish the moment.
151	This note reflects policy trade-offs in politics, sketching how small choices ripple through institutions. It favors concrete examples over slogans, weighing trade‑offs and showing how people build consensus when goals collide.
152	A snapshot of tournament pressure in sport: routines, nerves, and the way tiny adjustments decide matches. It reads like sideline notes, mixing tactics with the stubborn joy that keeps athletes coming back.
153	Here the focus is narrative choices within gaming, where players test ideas, fail fast, and share tricks. It hints at design intent and the community habits that turn mechanics into stories.
154	A brief on active learning in education: how classrooms adapt, what feedback loops work, and why pacing matters. It collects small practices that make learning stick without flashy gimmicks.
155	On soil health in environment, this paragraph tracks everyday interventions that compound over years. It emphasizes pragmatic steps, local context, and the patience required for durable change.
156	Concerning instrument calibration in science, this passage traces how careful methods and transparent records turn ideas into evidence. It values small wins and the craft behind reliable results.
157	A note about graph thinking in maths: start from simple cases, look for invariants, and name the structure you find. The aim is clarity over cleverness, with examples that travel well.
158	Focused on primary sources in history, this sketch follows threads across time rather than reciting dates. It asks who kept the records, who was left out, and how interpretations shift.
159	Regarding monsoon patterns in geography, the piece ties physical patterns to livelihoods. It reads maps like narratives, showing how terrain nudges routes, borders, and everyday choices.
160	A vignette about found families in fiction: two sentences linger on a detail, then the scene pivots. It trusts subtext, leaving space for the reader to finish the moment.
161	This note reflects campaign messaging in politics, sketching how small choices ripple through institutions. It favors concrete examples over slogans, weighing trade‑offs and showing how people build consensus when goals collide.
162	A snapshot of sports analytics in sport: routines, nerves, and the way tiny adjustments decide matches. It reads like sideline notes, mixing tactics with the stubborn joy that keeps athletes coming back.
163	Here the focus is level design within gaming, where players test ideas, fail fast, and share tricks. It hints at design intent and the community habits that turn mechanics into stories.
164	A brief on edtech tools in education: how classrooms adapt, what feedback loops work, and why pacing matters. It collects small practices that make learning stick without flashy gimmicks.
165	On soil health in environment, this paragraph tracks everyday interventions that compound over years. It emphasizes pragmatic steps, local context, and the patience required for durable change.
166	Concerning reproducibility in science, this passage traces how careful methods and transparent records turn ideas into evidence. It values small wins and the craft behind reliable results.
167	A note about problem decomposition in maths: start from simple cases, look for invariants, and name the structure you find. The aim is clarity over cleverness, with examples that travel well.
168	Focused on biographical sketches in history, this sketch follows threads across time rather than reciting dates. It asks who kept the records, who was left out, and how interpretations shift.
169	Regarding monsoon patterns in geography, the piece ties physical patterns to livelihoods. It reads maps like narratives, showing how terrain nudges routes, borders, and everyday choices.
170	A vignette about detective notes in fiction: two sentences linger on a detail, then the scene pivots. It trusts subtext, leaving space for the reader to finish the moment.
171	This note reflects policy trade-offs in politics, sketching how small choices ripple through institutions. It favors concrete examples over slogans, weighing trade‑offs and showing how people build consensus when goals collide.
172	A snapshot of underdog stories in sport: routines, nerves, and the way tiny adjustments decide matches. It reads like sideline notes, mixing tactics with the stubborn joy that keeps athletes coming back.
173	Here the focus is loot systems within gaming, where players test ideas, fail fast, and share tricks. It hints at design intent and the community habits that turn mechanics into stories.
174	A brief on learning analytics in education: how classrooms adapt, what feedback loops work, and why pacing matters. It collects small practices that make learning stick without flashy gimmicks.
175	On plastic reduction in environment, this paragraph tracks everyday interventions that compound over years. It emphasizes pragmatic steps, local context, and the patience required for durable change.
176	Concerning field work logistics in science, this passage traces how careful methods and transparent records turn ideas into evidence. It values small wins and the craft behind reliable results.
177	A note about calculus applications in maths: start from simple cases, look for invariants, and name the structure you find. The aim is clarity over cleverness, with examples that travel well.
178	Focused on architecture and power in history, this sketch follows threads across time rather than reciting dates. It asks who kept the records, who was left out, and how interpretations shift.
179	Regarding plate boundaries in geography, the piece ties physical patterns to livelihoods. It reads maps like narratives, showing how terrain nudges routes, borders, and everyday choices.
180	A vignette about road trips in fiction: two sentences linger on a detail, then the scene pivots. It trusts subtext, leaving space for the reader to finish the moment.
181	This note reflects budget negotiations in politics, sketching how small choices ripple through institutions. It favors concrete examples over slogans, weighing trade‑offs and showing how people build consensus when goals collide.
182	A snapshot of sports analytics in sport: routines, nerves, and the way tiny adjustments decide matches. It reads like sideline notes, mixing tactics with the stubborn joy that keeps athletes coming back.
183	Here the focus is indie development within gaming, where players test ideas, fail fast, and share tricks. It hints at design intent and the community habits that turn mechanics into stories.
184	A brief on remote classrooms in education: how classrooms adapt, what feedback loops work, and why pacing matters. It collects small practices that make learning stick without flashy gimmicks.
185	On air quality in environment, this paragraph tracks everyday interventions that compound over years. It emphasizes pragmatic steps, local context, and the patience required for durable change.
186	Concerning computational modeling in science, this passage traces how careful methods and transparent records turn ideas into evidence. It values small wins and the craft behind reliable results.
187	A note about calculus applications in maths: start from simple cases, look for invariants, and name the structure you find. The aim is clarity over cleverness, with examples that travel well.
188	Focused on biographical sketches in history, this sketch follows threads across time rather than reciting dates. It asks who kept the records, who was left out, and how interpretations shift.
189	Regarding monsoon patterns in geography, the piece ties physical patterns to livelihoods. It reads maps like narratives, showing how terrain nudges routes, borders, and everyday choices.
190	A vignette about road trips in fiction: two sentences linger on a detail, then the scene pivots. It trusts subtext, leaving space for the reader to finish the moment.
191	This note reflects public debates in politics, sketching how small choices ripple through institutions. It favors concrete examples over slogans, weighing trade‑offs and showing how people build consensus when goals collide.
192	A snapshot of training cycles in sport: routines, nerves, and the way tiny adjustments decide matches. It reads like sideline notes, mixing tactics with the stubborn joy that keeps athletes coming back.
193	Here the focus is game balancing within gaming, where players test ideas, fail fast, and share tricks. It hints at design intent and the community habits that turn mechanics into stories.
194	A brief on active learning in education: how classrooms adapt, what feedback loops work, and why pacing matters. It collects small practices that make learning stick without flashy gimmicks.
195	On soil health in environment, this paragraph tracks everyday interventions that compound over years. It emphasizes pragmatic steps, local context, and the patience required for durable change.
196	Concerning grant writing in science, this passage traces how careful methods and transparent records turn ideas into evidence. It values small wins and the craft behind reliable results.
197	A note about probability intuition in maths: start from simple cases, look for invariants, and name the structure you find. The aim is clarity over cleverness, with examples that travel well.
198	Focused on architecture and power in history, this sketch follows threads across time rather than reciting dates. It asks who kept the records, who was left out, and how interpretations shift.
199	Regarding mountain passes in geography, the piece ties physical patterns to livelihoods. It reads maps like narratives, showing how terrain nudges routes, borders, and everyday choices.
200	A vignette about quiet revelations in fiction: two sentences linger on a detail, then the scene pivots. It trusts subtext, leaving space for the reader to finish the moment.
201	This note reflects voter turnout in politics, sketching how small choices ripple through institutions. It favors concrete examples over slogans, weighing trade‑offs and showing how people build consensus when goals collide.
202	A snapshot of team chemistry in sport: routines, nerves, and the way tiny adjustments decide matches. It reads like sideline notes, mixing tactics with the stubborn joy that keeps athletes coming back.
203	Here the focus is co-op strategy within gaming, where players test ideas, fail fast, and share tricks. It hints at design intent and the community habits that turn mechanics into stories.
204	A brief on assessment design in education: how classrooms adapt, what feedback loops work, and why pacing matters. It collects small practices that make learning stick without flashy gimmicks.
205	On urban greening in environment, this paragraph tracks everyday interventions that compound over years. It emphasizes pragmatic steps, local context, and the patience required for durable change.
206	Concerning instrument calibration in science, this passage traces how careful methods and transparent records turn ideas into evidence. It values small wins and the craft behind reliable results.
207	A note about problem decomposition in maths: start from simple cases, look for invariants, and name the structure you find. The aim is clarity over cleverness, with examples that travel well.
208	Focused on conflict timelines in history, this sketch follows threads across time rather than reciting dates. It asks who kept the records, who was left out, and how interpretations shift.
209	Regarding mountain passes in geography, the piece ties physical patterns to livelihoods. It reads maps like narratives, showing how terrain nudges routes, borders, and everyday choices.
210	A vignette about time slips in fiction: two sentences linger on a detail, then the scene pivots. It trusts subtext, leaving space for the reader to finish the moment.
211	This note reflects civic engagement in politics, sketching how small choices ripple through institutions. It favors concrete examples over slogans, weighing trade‑offs and showing how people build consensus when goals collide.
212	A snapshot of sports analytics in sport: routines, nerves, and the way tiny adjustments decide matches. It reads like sideline notes, mixing tactics with the stubborn joy that keeps athletes coming back.
213	Here the focus is narrative choices within gaming, where players test ideas, fail fast, and share tricks. It hints at design intent and the community habits that turn mechanics into stories.
214	A brief on teacher burnout in education: how classrooms adapt, what feedback loops work, and why pacing matters. It collects small practices that make learning stick without flashy gimmicks.
215	On soil health in environment, this paragraph tracks everyday interventions that compound over years. It emphasizes pragmatic steps, local context, and the patience required for durable change.
216	Concerning ethics in research in science, this passage traces how careful methods and transparent records turn ideas into evidence. It values small wins and the craft behind reliable results.
217	A note about graph thinking in maths: start from simple cases, look for invariants, and name the structure you find. The aim is clarity over cleverness, with examples that travel well.
218	Focused on migration routes in history, this sketch follows threads across time rather than reciting dates. It asks who kept the records, who was left out, and how interpretations shift.
219	Regarding transport corridors in geography, the piece ties physical patterns to livelihoods. It reads maps like narratives, showing how terrain nudges routes, borders, and everyday choices.
220	A vignette about small-town secrets in fiction: two sentences linger on a detail, then the scene pivots. It trusts subtext, leaving space for the reader to finish the moment.
221	This note reflects public debates in politics, sketching how small choices ripple through institutions. It favors concrete examples over slogans, weighing trade‑offs and showing how people build consensus when goals collide.
222	A snapshot of training cycles in sport: routines, nerves, and the way tiny adjustments decide matches. It reads like sideline notes, mixing tactics with the stubborn joy that keeps athletes coming back.
223	Here the focus is speedrunning within gaming, where players test ideas, fail fast, and share tricks. It hints at design intent and the community habits that turn mechanics into stories.
224	A brief on remote classrooms in education: how classrooms adapt, what feedback loops work, and why pacing matters. It collects small practices that make learning stick without flashy gimmicks.
225	On air quality in environment, this paragraph tracks everyday interventions that compound over years. It emphasizes pragmatic steps, local context, and the patience required for durable change.
226	Concerning citizen science in science, this passage traces how careful methods and transparent records turn ideas into evidence. It values small wins and the craft behind reliable results.
227	A note about optimization ideas in maths: start from simple cases, look for invariants, and name the structure you find. The aim is clarity over cleverness, with examples that travel well.
228	Focused on biographical sketches in history, this sketch follows threads across time rather than reciting dates. It asks who kept the records, who was left out, and how interpretations shift.
229	Regarding river systems in geography, the piece ties physical patterns to livelihoods. It reads maps like narratives, showing how terrain nudges routes, borders, and everyday choices.
230	A vignette about unlikely friendships in fiction: two sentences linger on a detail, then the scene pivots. It trusts subtext, leaving space for the reader to finish the moment.
231	This note reflects coalition building in politics, sketching how small choices ripple through institutions. It favors concrete examples over slogans, weighing trade‑offs and showing how people build consensus when goals collide.
232	A snapshot of grassroots leagues in sport: routines, nerves, and the way tiny adjustments decide matches. It reads like sideline notes, mixing tactics with the stubborn joy that keeps athletes coming back.
233	Here the focus is game balancing within gaming, where players test ideas, fail fast, and share tricks. It hints at design intent and the community habits that turn mechanics into stories.
234	A brief on assessment design in education: how classrooms adapt, what feedback loops work, and why pacing matters. It collects small practices that make learning stick without flashy gimmicks.
235	On coastal erosion in environment, this paragraph tracks everyday interventions that compound over years. It emphasizes pragmatic steps, local context, and the patience required for durable change.
236	Concerning peer review in science, this passage traces how careful methods and transparent records turn ideas into evidence. It values small wins and the craft behind reliable results.
237	A note about probability intuition in maths: start from simple cases, look for invariants, and name the structure you find. The aim is clarity over cleverness, with examples that travel well.
238	Focused on conflict timelines in history, this sketch follows threads across time rather than reciting dates. It asks who kept the records, who was left out, and how interpretations shift.
239	Regarding transport corridors in geography, the piece ties physical patterns to livelihoods. It reads maps like narratives, showing how terrain nudges routes, borders, and everyday choices.
240	A vignette about haunted houses in fiction: two sentences linger on a detail, then the scene pivots. It trusts subtext, leaving space for the reader to finish the moment.
241	This note reflects transparency in politics, sketching how small choices ripple through institutions. It favors concrete examples over slogans, weighing trade‑offs and showing how people build consensus when goals collide.
242	A snapshot of underdog stories in sport: routines, nerves, and the way tiny adjustments decide matches. It reads like sideline notes, mixing tactics with the stubborn joy that keeps athletes coming back.
243	Here the focus is indie development within gaming, where players test ideas, fail fast, and share tricks. It hints at design intent and the community habits that turn mechanics into stories.
244	A brief on STEM equity in education: how classrooms adapt, what feedback loops work, and why pacing matters. It collects small practices that make learning stick without flashy gimmicks.
245	On coastal erosion in environment, this paragraph tracks everyday interventions that compound over years. It emphasizes pragmatic steps, local context, and the patience required for durable change.
246	Concerning reproducibility in science, this passage traces how careful methods and transparent records turn ideas into evidence. It values small wins and the craft behind reliable results.
247	A note about graph thinking in maths: start from simple cases, look for invariants, and name the structure you find. The aim is clarity over cleverness, with examples that travel well.
248	Focused on conflict timelines in history, this sketch follows threads across time rather than reciting dates. It asks who kept the records, who was left out, and how interpretations shift.
249	Regarding monsoon patterns in geography, the piece ties physical patterns to livelihoods. It reads maps like narratives, showing how terrain nudges routes, borders, and everyday choices.
250	A vignette about quiet revelations in fiction: two sentences linger on a detail, then the scene pivots. It trusts subtext, leaving space for the reader to finish the moment.
251	This note reflects budget negotiations in politics, sketching how small choices ripple through institutions. It favors concrete examples over slogans, weighing trade‑offs and showing how people build consensus when goals collide.
252	A snapshot of team chemistry in sport: routines, nerves, and the way tiny adjustments decide matches. It reads like sideline notes, mixing tactics with the stubborn joy that keeps athletes coming back.
253	Here the focus is speedrunning within gaming, where players test ideas, fail fast, and share tricks. It hints at design intent and the community habits that turn mechanics into stories.
254	A brief on edtech tools in education: how classrooms adapt, what feedback loops work, and why pacing matters. It collects small practices that make learning stick without flashy gimmicks.
255	On plastic reduction in environment, this paragraph tracks everyday interventions that compound over years. It emphasizes pragmatic steps, local context, and the patience required for durable change.
256	Concerning citizen science in science, this passage traces how careful methods and transparent records turn ideas into evidence. It values small wins and the craft behind reliable results.
257	A note about graph thinking in maths: start from simple cases, look for invariants, and name the structure you find. The aim is clarity over cleverness, with examples that travel well.
258	Focused on biographical sketches in history, this sketch follows threads across time rather than reciting dates. It asks who kept the records, who was left out, and how interpretations shift.
259	Regarding mountain passes in geography, the piece ties physical patterns to livelihoods. It reads maps like narratives, showing how terrain nudges routes, borders, and everyday choices.
260	A vignette about small-town secrets in fiction: two sentences linger on a detail, then the scene pivots. It trusts subtext, leaving space for the reader to finish the moment.
261	This note reflects coalition building in politics, sketching how small choices ripple through institutions. It favors concrete examples over slogans, weighing trade‑offs and showing how people build consensus when goals collide.
262	A snapshot of underdog stories in sport: routines, nerves, and the way tiny adjustments decide matches. It reads like sideline notes, mixing tactics with the stubborn joy that keeps athletes coming back.
263	Here the focus is e-sports scrims within gaming, where players test ideas, fail fast, and share tricks. It hints at design intent and the community habits that turn mechanics into stories.
264	A brief on active learning in education: how classrooms adapt, what feedback loops work, and why pacing matters. It collects small practices that make learning stick without flashy gimmicks.
265	On water stewardship in environment, this paragraph tracks everyday interventions that compound over years. It emphasizes pragmatic steps, local context, and the patience required for durable change.
266	Concerning field work logistics in science, this passage traces how careful methods and transparent records turn ideas into evidence. It values small wins and the craft behind reliable results.
267	A note about graph thinking in maths: start from simple cases, look for invariants, and name the structure you find. The aim is clarity over cleverness, with examples that travel well.
268	Focused on technological shifts in history, this sketch follows threads across time rather than reciting dates. It asks who kept the records, who was left out, and how interpretations shift.
269	Regarding plate boundaries in geography, the piece ties physical patterns to livelihoods. It reads maps like narratives, showing how terrain nudges routes, borders, and everyday choices.
270	A vignette about detective notes in fiction: two sentences linger on a detail, then the scene pivots. It trusts subtext, leaving space for the reader to finish the moment.
271	This note reflects civic engagement in politics, sketching how small choices ripple through institutions. It favors concrete examples over slogans, weighing trade‑offs and showing how people build consensus when goals collide.
272	A snapshot of underdog stories in sport: routines, nerves, and the way tiny adjustments decide matches. It reads like sideline notes, mixing tactics with the stubborn joy that keeps athletes coming back.
273	Here the focus is co-op strategy within gaming, where players test ideas, fail fast, and share tricks. It hints at design intent and the community habits that turn mechanics into stories.
274	A brief on peer instruction in education: how classrooms adapt, what feedback loops work, and why pacing matters. It collects small practices that make learning stick without flashy gimmicks.
275	On coastal erosion in environment, this paragraph tracks everyday interventions that compound over years. It emphasizes pragmatic steps, local context, and the patience required for durable change.
276	Concerning open data in science, this passage traces how careful methods and transparent records turn ideas into evidence. It values small wins and the craft behind reliable results.
277	A note about linear algebra in maths: start from simple cases, look for invariants, and name the structure you find. The aim is clarity over cleverness, with examples that travel well.
278	Focused on conflict timelines in history, this sketch follows threads across time rather than reciting dates. It asks who kept the records, who was left out, and how interpretations shift.
279	Regarding river systems in geography, the piece ties physical patterns to livelihoods. It reads maps like narratives, showing how terrain nudges routes, borders, and everyday choices.
280	A vignette about found families in fiction: two sentences linger on a detail, then the scene pivots. It trusts subtext, leaving space for the reader to finish the moment.
281	This note reflects coalition building in politics, sketching how small choices ripple through institutions. It favors concrete examples over slogans, weighing trade‑offs and showing how people build consensus when goals collide.
282	A snapshot of team chemistry in sport: routines, nerves, and the way tiny adjustments decide matches. It reads like sideline notes, mixing tactics with the stubborn joy that keeps athletes coming back.
283	Here the focus is player accessibility within gaming, where players test ideas, fail fast, and share tricks. It hints at design intent and the community habits that turn mechanics into stories.
284	A brief on STEM equity in education: how classrooms adapt, what feedback loops work, and why pacing matters. It collects small practices that make learning stick without flashy gimmicks.
285	On climate adaptation in environment, this paragraph tracks everyday interventions that compound over years. It emphasizes pragmatic steps, local context, and the patience required for durable change.
286	Concerning grant writing in science, this passage traces how careful methods and transparent records turn ideas into evidence. It values small wins and the craft behind reliable results.
287	A note about combinatorial puzzles in maths: start from simple cases, look for invariants, and name the structure you find. The aim is clarity over cleverness, with examples that travel well.
288	Focused on primary sources in history, this sketch follows threads across time rather than reciting dates. It asks who kept the records, who was left out, and how interpretations shift.
289	Regarding agricultural belts in geography, the piece ties physical patterns to livelihoods. It reads maps like narratives, showing how terrain nudges routes, borders, and everyday choices.
290	A vignette about unlikely friendships in fiction: two sentences linger on a detail, then the scene pivots. It trusts subtext, leaving space for the reader to finish the moment.
291	This note reflects policy trade-offs in politics, sketching how small choices ripple through institutions. It favors concrete examples over slogans, weighing trade‑offs and showing how people build consensus when goals collide.
292	A snapshot of training cycles in sport: routines, nerves, and the way tiny adjustments decide matches. It reads like sideline notes, mixing tactics with the stubborn joy that keeps athletes coming back.
293	Here the focus is player accessibility within gaming, where players test ideas, fail fast, and share tricks. It hints at design intent and the community habits that turn mechanics into stories.
294	A brief on assessment design in education: how classrooms adapt, what feedback loops work, and why pacing matters. It collects small practices that make learning stick without flashy gimmicks.
295	On coastal erosion in environment, this paragraph tracks everyday interventions that compound over years. It emphasizes pragmatic steps, local context, and the patience required for durable change.
296	Concerning citizen science in science, this passage traces how careful methods and transparent records turn ideas into evidence. It values small wins and the craft behind reliable results.
297	A note about problem decomposition in maths: start from simple cases, look for invariants, and name the structure you find. The aim is clarity over cleverness, with examples that travel well.
298	Focused on architecture and power in history, this sketch follows threads across time rather than reciting dates. It asks who kept the records, who was left out, and how interpretations shift.
299	Regarding mountain passes in geography, the piece ties physical patterns to livelihoods. It reads maps like narratives, showing how terrain nudges routes, borders, and everyday choices.
300	A vignette about letters never sent in fiction: two sentences linger on a detail, then the scene pivots. It trusts subtext, leaving space for the reader to finish the moment.
301	This note reflects ethics in office in politics, sketching how small choices ripple through institutions. It favors concrete examples over slogans, weighing trade‑offs and showing how people build consensus when goals collide.
302	A snapshot of team chemistry in sport: routines, nerves, and the way tiny adjustments decide matches. It reads like sideline notes, mixing tactics with the stubborn joy that keeps athletes coming back.
303	Here the focus is player accessibility within gaming, where players test ideas, fail fast, and share tricks. It hints at design intent and the community habits that turn mechanics into stories.
304	A brief on assessment design in education: how classrooms adapt, what feedback loops work, and why pacing matters. It collects small practices that make learning stick without flashy gimmicks.
305	On water stewardship in environment, this paragraph tracks everyday interventions that compound over years. It emphasizes pragmatic steps, local context, and the patience required for durable change.
306	Concerning ethics in research in science, this passage traces how careful methods and transparent records turn ideas into evidence. It values small wins and the craft behind reliable results.
307	A note about linear algebra in maths: start from simple cases, look for invariants, and name the structure you find. The aim is clarity over cleverness, with examples that travel well.
308	Focused on conflict timelines in history, this sketch follows threads across time rather than reciting dates. It asks who kept the records, who was left out, and how interpretations shift.
309	Regarding island biogeography in geography, the piece ties physical patterns to livelihoods. It reads maps like narratives, showing how terrain nudges routes, borders, and everyday choices.
310	A vignette about time slips in fiction: two sentences linger on a detail, then the scene pivots. It trusts subtext, leaving space for the reader to finish the moment.
311	This note reflects public debates in politics, sketching how small choices ripple through institutions. It favors concrete examples over slogans, weighing trade‑offs and showing how people build consensus when goals collide.
312	A snapshot of fan culture in sport: routines, nerves, and the way tiny adjustments decide matches. It reads like sideline notes, mixing tactics with the stubborn joy that keeps athletes coming back.
313	Here the focus is co-op strategy within gaming, where players test ideas, fail fast, and share tricks. It hints at design intent and the community habits that turn mechanics into stories.
314	A brief on peer instruction in education: how classrooms adapt, what feedback loops work, and why pacing matters. It collects small practices that make learning stick without flashy gimmicks.
315	On water stewardship in environment, this paragraph tracks everyday interventions that compound over years. It emphasizes pragmatic steps, local context, and the patience required for durable change.
316	Concerning lab safety in science, this passage traces how careful methods and transparent records turn ideas into evidence. It values small wins and the craft behind reliable results.
317	A note about geometry constructions in maths: start from simple cases, look for invariants, and name the structure you find. The aim is clarity over cleverness, with examples that travel well.
318	Focused on biographical sketches in history, this sketch follows threads across time rather than reciting dates. It asks who kept the records, who was left out, and how interpretations shift.
319	Regarding island biogeography in geography, the piece ties physical patterns to livelihoods. It reads maps like narratives, showing how terrain nudges routes, borders, and everyday choices.
320	A vignette about unlikely friendships in fiction: two sentences linger on a detail, then the scene pivots. It trusts subtext, leaving space for the reader to finish the moment.
321	This note reflects coalition building in politics, sketching how small choices ripple through institutions. It favors concrete examples over slogans, weighing trade‑offs and showing how people build consensus when goals collide.
322	A snapshot of coaching tactics in sport: routines, nerves, and the way tiny adjustments decide matches. It reads like sideline notes, mixing tactics with the stubborn joy that keeps athletes coming back.
323	Here the focus is player accessibility within gaming, where players test ideas, fail fast, and share tricks. It hints at design intent and the community habits that turn mechanics into stories.
324	A brief on project-based work in education: how classrooms adapt, what feedback loops work, and why pacing matters. It collects small practices that make learning stick without flashy gimmicks.
325	On wildlife corridors in environment, this paragraph tracks everyday interventions that compound over years. It emphasizes pragmatic steps, local context, and the patience required for durable change.
326	Concerning reproducibility in science, this passage traces how careful methods and transparent records turn ideas into evidence. It values small wins and the craft behind reliable results.
327	A note about calculus applications in maths: start from simple cases, look for invariants, and name the structure you find. The aim is clarity over cleverness, with examples that travel well.
328	Focused on migration routes in history, this sketch follows threads across time rather than reciting dates. It asks who kept the records, who was left out, and how interpretations shift.
329	Regarding agricultural belts in geography, the piece ties physical patterns to livelihoods. It reads maps like narratives, showing how terrain nudges routes, borders, and everyday choices.
330	A vignette about time slips in fiction: two sentences linger on a detail, then the scene pivots. It trusts subtext, leaving space for the reader to finish the moment.
331	This note reflects policy trade-offs in politics, sketching how small choices ripple through institutions. It favors concrete examples over slogans, weighing trade‑offs and showing how people build consensus when goals collide.
332	A snapshot of fan culture in sport: routines, nerves, and the way tiny adjustments decide matches. It reads like sideline notes, mixing tactics with the stubborn joy that keeps athletes coming back.
333	Here the focus is speedrunning within gaming, where players test ideas, fail fast, and share tricks. It hints at design intent and the community habits that turn mechanics into stories.
334	A brief on edtech tools in education: how classrooms adapt, what feedback loops work, and why pacing matters. It collects small practices that make learning stick without flashy gimmicks.
335	On air quality in environment, this paragraph tracks everyday interventions that compound over years. It emphasizes pragmatic steps, local context, and the patience required for durable change.
336	Concerning field work logistics in science, this passage traces how careful methods and transparent records turn ideas into evidence. It values small wins and the craft behind reliable results.
337	A note about combinatorial puzzles in maths: start from simple cases, look for invariants, and name the structure you find. The aim is clarity over cleverness, with examples that travel well.
338	Focused on biographical sketches in history, this sketch follows threads across time rather than reciting dates. It asks who kept the records, who was left out, and how interpretations shift.
339	Regarding agricultural belts in geography, the piece ties physical patterns to livelihoods. It reads maps like narratives, showing how terrain nudges routes, borders, and everyday choices.
340	A vignette about time slips in fiction: two sentences linger on a detail, then the scene pivots. It trusts subtext, leaving space for the reader to finish the moment.
341	This note reflects ethics in office in politics, sketching how small choices ripple through institutions. It favors concrete examples over slogans, weighing trade‑offs and showing how people build consensus when goals collide.
342	A snapshot of tournament pressure in sport: routines, nerves, and the way tiny adjustments decide matches. It reads like sideline notes, mixing tactics with the stubborn joy that keeps athletes coming back.
343	Here the focus is level design within gaming, where players test ideas, fail fast, and share tricks. It hints at design intent and the community habits that turn mechanics into stories.
344	A brief on learning analytics in education: how classrooms adapt, what feedback loops work, and why pacing matters. It collects small practices that make learning stick without flashy gimmicks.
345	On recycling challenges in environment, this paragraph tracks everyday interventions that compound over years. It emphasizes pragmatic steps, local context, and the patience required for durable change.
346	Concerning reproducibility in science, this passage traces how careful methods and transparent records turn ideas into evidence. It values small wins and the craft behind reliable results.
347	A note about combinatorial puzzles in maths: start from simple cases, look for invariants, and name the structure you find. The aim is clarity over cleverness, with examples that travel well.
348	Focused on technological shifts in history, this sketch follows threads across time rather than reciting dates. It asks who kept the records, who was left out, and how interpretations shift.
349	Regarding monsoon patterns in geography, the piece ties physical patterns to livelihoods. It reads maps like narratives, showing how terrain nudges routes, borders, and everyday choices.
350	A vignette about unlikely friendships in fiction: two sentences linger on a detail, then the scene pivots. It trusts subtext, leaving space for the reader to finish the moment.
351	This note reflects budget negotiations in politics, sketching how small choices ripple through institutions. It favors concrete examples over slogans, weighing trade‑offs and showing how people build consensus when goals collide.
352	A snapshot of underdog stories in sport: routines, nerves, and the way tiny adjustments decide matches. It reads like sideline notes, mixing tactics with the stubborn joy that keeps athletes coming back.
353	Here the focus is indie development within gaming, where players test ideas, fail fast, and share tricks. It hints at design intent and the community habits that turn mechanics into stories.
354	A brief on peer instruction in education: how classrooms adapt, what feedback loops work, and why pacing matters. It collects small practices that make learning stick without flashy gimmicks.
355	On soil health in environment, this paragraph tracks everyday interventions that compound over years. It emphasizes pragmatic steps, local context, and the patience required for durable change.
356	Concerning peer review in science, this passage traces how careful methods and transparent records turn ideas into evidence. It values small wins and the craft behind reliable results.
357	A note about number theory patterns in maths: start from simple cases, look for invariants, and name the structure you find. The aim is clarity over cleverness, with examples that travel well.
358	Focused on migration routes in history, this sketch follows threads across time rather than reciting dates. It asks who kept the records, who was left out, and how interpretations shift.
359	Regarding desert ecology in geography, the piece ties physical patterns to livelihoods. It reads maps like narratives, showing how terrain nudges routes, borders, and everyday choices.
360	A vignette about detective notes in fiction: two sentences linger on a detail, then the scene pivots. It trusts subtext, leaving space for the reader to finish the moment.
361	This note reflects civic engagement in politics, sketching how small choices ripple through institutions. It favors concrete examples over slogans, weighing trade‑offs and showing how people build consensus when goals collide.
362	A snapshot of injury recovery in sport: routines, nerves, and the way tiny adjustments decide matches. It reads like sideline notes, mixing tactics with the stubborn joy that keeps athletes coming back.
363	Here the focus is level design within gaming, where players test ideas, fail fast, and share tricks. It hints at design intent and the community habits that turn mechanics into stories.
364	A brief on assessment design in education: how classrooms adapt, what feedback loops work, and why pacing matters. It collects small practices that make learning stick without flashy gimmicks.
365	On water stewardship in environment, this paragraph tracks everyday interventions that compound over years. It emphasizes pragmatic steps, local context, and the patience required for durable change.
366	Concerning field work logistics in science, this passage traces how careful methods and transparent records turn ideas into evidence. It values small wins and the craft behind reliable results.
367	A note about proof strategies in maths: start from simple cases, look for invariants, and name the structure you find. The aim is clarity over cleverness, with examples that travel well.
368	Focused on primary sources in history, this sketch follows threads across time rather than reciting dates. It asks who kept the records, who was left out, and how interpretations shift.
369	Regarding island biogeography in geography, the piece ties physical patterns to livelihoods. It reads maps like narratives, showing how terrain nudges routes, borders, and everyday choices.
370	A vignette about haunted houses in fiction: two sentences linger on a detail, then the scene pivots. It trusts subtext, leaving space for the reader to finish the moment.
371	This note reflects campaign messaging in politics, sketching how small choices ripple through institutions. It favors concrete examples over slogans, weighing trade‑offs and showing how people build consensus when goals collide.
372	A snapshot of underdog stories in sport: routines, nerves, and the way tiny adjustments decide matches. It reads like sideline notes, mixing tactics with the stubborn joy that keeps athletes coming back.
373	Here the focus is loot systems within gaming, where players test ideas, fail fast, and share tricks. It hints at design intent and the community habits that turn mechanics into stories.
374	A brief on learning analytics in education: how classrooms adapt, what feedback loops work, and why pacing matters. It collects small practices that make learning stick without flashy gimmicks.
375	On water stewardship in environment, this paragraph tracks everyday interventions that compound over years. It emphasizes pragmatic steps, local context, and the patience required for durable change.
376	Concerning grant writing in science, this passage traces how careful methods and transparent records turn ideas into evidence. It values small wins and the craft behind reliable results.
377	A note about proof strategies in maths: start from simple cases, look for invariants, and name the structure you find. The aim is clarity over cleverness, with examples that travel well.
378	Focused on oral traditions in history, this sketch follows threads across time rather than reciting dates. It asks who kept the records, who was left out, and how interpretations shift.
379	Regarding monsoon patterns in geography, the piece ties physical patterns to livelihoods. It reads maps like narratives, showing how terrain nudges routes, borders, and everyday choices.
380	A vignette about haunted houses in fiction: two sentences linger on a detail, then the scene pivots. It trusts subtext, leaving space for the reader to finish the moment.
381	This note reflects budget negotiations in politics, sketching how small choices ripple through institutions. It favors concrete examples over slogans, weighing trade‑offs and showing how people build consensus when goals collide.
382	A snapshot of team chemistry in sport: routines, nerves, and the way tiny adjustments decide matches. It reads like sideline notes, mixing tactics with the stubborn joy that keeps athletes coming back.
383	Here the focus is game balancing within gaming, where players test ideas, fail fast, and share tricks. It hints at design intent and the community habits that turn mechanics into stories.
384	A brief on project-based work in education: how classrooms adapt, what feedback loops work, and why pacing matters. It collects small practices that make learning stick without flashy gimmicks.
385	On climate adaptation in environment, this paragraph tracks everyday interventions that compound over years. It emphasizes pragmatic steps, local context, and the patience required for durable change.
386	Concerning lab safety in science, this passage traces how careful methods and transparent records turn ideas into evidence. It values small wins and the craft behind reliable results.
387	A note about optimization ideas in maths: start from simple cases, look for invariants, and name the structure you find. The aim is clarity over cleverness, with examples that travel well.
388	Focused on trade networks in history, this sketch follows threads across time rather than reciting dates. It asks who kept the records, who was left out, and how interpretations shift.
389	Regarding river systems in geography, the piece ties physical patterns to livelihoods. It reads maps like narratives, showing how terrain nudges routes, borders, and everyday choices.
390	A vignette about time slips in fiction: two sentences linger on a detail, then the scene pivots. It trusts subtext, leaving space for the reader to finish the moment.
391	This note reflects local governance in politics, sketching how small choices ripple through institutions. It favors concrete examples over slogans, weighing trade‑offs and showing how people build consensus when goals collide.
392	A snapshot of team chemistry in sport: routines, nerves, and the way tiny adjustments decide matches. It reads like sideline notes, mixing tactics with the stubborn joy that keeps athletes coming back.
393	Here the focus is game balancing within gaming, where players test ideas, fail fast, and share tricks. It hints at design intent and the community habits that turn mechanics into stories.
394	A brief on edtech tools in education: how classrooms adapt, what feedback loops work, and why pacing matters. It collects small practices that make learning stick without flashy gimmicks.
395	On coastal erosion in environment, this paragraph tracks everyday interventions that compound over years. It emphasizes pragmatic steps, local context, and the patience required for durable change.
396	Concerning reproducibility in science, this passage traces how careful methods and transparent records turn ideas into evidence. It values small wins and the craft behind reliable results.
397	A note about number theory patterns in maths: start from simple cases, look for invariants, and name the structure you find. The aim is clarity over cleverness, with examples that travel well.
398	Focused on conflict timelines in history, this sketch follows threads across time rather than reciting dates. It asks who kept the records, who was left out, and how interpretations shift.
399	Regarding plate boundaries in geography, the piece ties physical patterns to livelihoods. It reads maps like narratives, showing how terrain nudges routes, borders, and everyday choices.
400	A vignette about letters never sent in fiction: two sentences linger on a detail, then the scene pivots. It trusts subtext, leaving space for the reader to finish the moment.
401	This note reflects policy trade-offs in politics, sketching how small choices ripple through institutions. It favors concrete examples over slogans, weighing trade‑offs and showing how people build consensus when goals collide.
402	A snapshot of sports analytics in sport: routines, nerves, and the way tiny adjustments decide matches. It reads like sideline notes, mixing tactics with the stubborn joy that keeps athletes coming back.
403	Here the focus is modding communities within gaming, where players test ideas, fail fast, and share tricks. It hints at design intent and the community habits that turn mechanics into stories.
404	A brief on teacher burnout in education: how classrooms adapt, what feedback loops work, and why pacing matters. It collects small practices that make learning stick without flashy gimmicks.
405	On water stewardship in environment, this paragraph tracks everyday interventions that compound over years. It emphasizes pragmatic steps, local context, and the patience required for durable change.
406	Concerning open data in science, this passage traces how careful methods and transparent records turn ideas into evidence. It values small wins and the craft behind reliable results.
407	A note about combinatorial puzzles in maths: start from simple cases, look for invariants, and name the structure you find. The aim is clarity over cleverness, with examples that travel well.
408	Focused on cultural exchange in history, this sketch follows threads across time rather than reciting dates. It asks who kept the records, who was left out, and how interpretations shift.
409	Regarding plate boundaries in geography, the piece ties physical patterns to livelihoods. It reads maps like narratives, showing how terrain nudges routes, borders, and everyday choices.
410	A vignette about road trips in fiction: two sentences linger on a detail, then the scene pivots. It trusts subtext, leaving space for the reader to finish the moment.
411	This note reflects campaign messaging in politics, sketching how small choices ripple through institutions. It favors concrete examples over slogans, weighing trade‑offs and showing how people build consensus when goals collide.
412	A snapshot of underdog stories in sport: routines, nerves, and the way tiny adjustments decide matches. It reads like sideline notes, mixing tactics with the stubborn joy that keeps athletes coming back.
413	Here the focus is speedrunning within gaming, where players test ideas, fail fast, and share tricks. It hints at design intent and the community habits that turn mechanics into stories.
414	A brief on remote classrooms in education: how classrooms adapt, what feedback loops work, and why pacing matters. It collects small practices that make learning stick without flashy gimmicks.
415	On urban greening in environment, this paragraph tracks everyday interventions that compound over years. It emphasizes pragmatic steps, local context, and the patience required for durable change.
416	Concerning computational modeling in science, this passage traces how careful methods and transparent records turn ideas into evidence. It values small wins and the craft behind reliable results.
417	A note about probability intuition in maths: start from simple cases, look for invariants, and name the structure you find. The aim is clarity over cleverness, with examples that travel well.
418	Focused on migration routes in history, this sketch follows threads across time rather than reciting dates. It asks who kept the records, who was left out, and how interpretations shift.
419	Regarding transport corridors in geography, the piece ties physical patterns to livelihoods. It reads maps like narratives, showing how terrain nudges routes, borders, and everyday choices.
420	A vignette about found families in fiction: two sentences linger on a detail, then the scene pivots. It trusts subtext, leaving space for the reader to finish the moment.
421	This note reflects campaign messaging in politics, sketching how small choices ripple through institutions. It favors concrete examples over slogans, weighing trade‑offs and showing how people build consensus when goals collide.
422	A snapshot of sports analytics in sport: routines, nerves, and the way tiny adjustments decide matches. It reads like sideline notes, mixing tactics with the stubborn joy that keeps athletes coming back.
423	Here the focus is co-op strategy within gaming, where players test ideas, fail fast, and share tricks. It hints at design intent and the community habits that turn mechanics into stories.
424	A brief on active learning in education: how classrooms adapt, what feedback loops work, and why pacing matters. It collects small practices that make learning stick without flashy gimmicks.
425	On coastal erosion in environment, this paragraph tracks everyday interventions that compound over years. It emphasizes pragmatic steps, local context, and the patience required for durable change.
426	Concerning citizen science in science, this passage traces how careful methods and transparent records turn ideas into evidence. It values small wins and the craft behind reliable results.
427	A note about number theory patterns in maths: start from simple cases, look for invariants, and name the structure you find. The aim is clarity over cleverness, with examples that travel well.
428	Focused on technological shifts in history, this sketch follows threads across time rather than reciting dates. It asks who kept the records, who was left out, and how interpretations shift.
429	Regarding monsoon patterns in geography, the piece ties physical patterns to livelihoods. It reads maps like narratives, showing how terrain nudges routes, borders, and everyday choices.
430	A vignette about time slips in fiction: two sentences linger on a detail, then the scene pivots. It trusts subtext, leaving space for the reader to finish the moment.
431	This note reflects local governance in politics, sketching how small choices ripple through institutions. It favors concrete examples over slogans, weighing trade‑offs and showing how people build consensus when goals collide.
432	A snapshot of tournament pressure in sport: routines, nerves, and the way tiny adjustments decide matches. It reads like sideline notes, mixing tactics with the stubborn joy that keeps athletes coming back.
433	Here the focus is e-sports scrims within gaming, where players test ideas, fail fast, and share tricks. It hints at design intent and the community habits that turn mechanics into stories.
434	A brief on learning analytics in education: how classrooms adapt, what feedback loops work, and why pacing matters. It collects small practices that make learning stick without flashy gimmicks.
435	On air quality in environment, this paragraph tracks everyday interventions that compound over years. It emphasizes pragmatic steps, local context, and the patience required for durable change.
436	Concerning open data in science, this passage traces how careful methods and transparent records turn ideas into evidence. It values small wins and the craft behind reliable results.
437	A note about problem decomposition in maths: start from simple cases, look for invariants, and name the structure you find. The aim is clarity over cleverness, with examples that travel well.
438	Focused on technological shifts in history, this sketch follows threads across time rather than reciting dates. It asks who kept the records, who was left out, and how interpretations shift.
439	Regarding urban sprawl in geography, the piece ties physical patterns to livelihoods. It reads maps like narratives, showing how terrain nudges routes, borders, and everyday choices.
440	A vignette about letters never sent in fiction: two sentences linger on a detail, then the scene pivots. It trusts subtext, leaving space for the reader to finish the moment.
441	This note reflects campaign messaging in politics, sketching how small choices ripple through institutions. It favors concrete examples over slogans, weighing trade‑offs and showing how people build consensus when goals collide.
442	A snapshot of team chemistry in sport: routines, nerves, and the way tiny adjustments decide matches. It reads like sideline notes, mixing tactics with the stubborn joy that keeps athletes coming back.
443	Here the focus is speedrunning within gaming, where players test ideas, fail fast, and share tricks. It hints at design intent and the community habits that turn mechanics into stories.
444	A brief on project-based work in education: how classrooms adapt, what feedback loops work, and why pacing matters. It collects small practices that make learning stick without flashy gimmicks.
445	On water stewardship in environment, this paragraph tracks everyday interventions that compound over years. It emphasizes pragmatic steps, local context, and the patience required for durable change.
446	Concerning instrument calibration in science, this passage traces how careful methods and transparent records turn ideas into evidence. It values small wins and the craft behind reliable results.
447	A note about number theory patterns in maths: start from simple cases, look for invariants, and name the structure you find. The aim is clarity over cleverness, with examples that travel well.
448	Focused on local archives in history, this sketch follows threads across time rather than reciting dates. It asks who kept the records, who was left out, and how interpretations shift.
449	Regarding coastal cities in geography, the piece ties physical patterns to livelihoods. It reads maps like narratives, showing how terrain nudges routes, borders, and everyday choices.
450	A vignette about detective notes in fiction: two sentences linger on a detail, then the scene pivots. It trusts subtext, leaving space for the reader to finish the moment.
451	This note reflects voter turnout in politics, sketching how small choices ripple through institutions. It favors concrete examples over slogans, weighing trade‑offs and showing how people build consensus when goals collide.
452	A snapshot of grassroots leagues in sport: routines, nerves, and the way tiny adjustments decide matches. It reads like sideline notes, mixing tactics with the stubborn joy that keeps athletes coming back.
453	Here the focus is player accessibility within gaming, where players test ideas, fail fast, and share tricks. It hints at design intent and the community habits that turn mechanics into stories.
454	A brief on edtech tools in education: how classrooms adapt, what feedback loops work, and why pacing matters. It collects small practices that make learning stick without flashy gimmicks.
455	On recycling challenges in environment, this paragraph tracks everyday interventions that compound over years. It emphasizes pragmatic steps, local context, and the patience required for durable change.
456	Concerning open data in science, this passage traces how careful methods and transparent records turn ideas into evidence. It values small wins and the craft behind reliable results.
457	A note about optimization ideas in maths: start from simple cases, look for invariants, and name the structure you find. The aim is clarity over cleverness, with examples that travel well.
458	Focused on primary sources in history, this sketch follows threads across time rather than reciting dates. It asks who kept the records, who was left out, and how interpretations shift.
459	Regarding agricultural belts in geography, the piece ties physical patterns to livelihoods. It reads maps like narratives, showing how terrain nudges routes, borders, and everyday choices.
460	A vignette about detective notes in fiction: two sentences linger on a detail, then the scene pivots. It trusts subtext, leaving space for the reader to finish the moment.
461	This note reflects public debates in politics, sketching how small choices ripple through institutions. It favors concrete examples over slogans, weighing trade‑offs and showing how people build consensus when goals collide.
462	A snapshot of fan culture in sport: routines, nerves, and the way tiny adjustments decide matches. It reads like sideline notes, mixing tactics with the stubborn joy that keeps athletes coming back.
463	Here the focus is e-sports scrims within gaming, where players test ideas, fail fast, and share tricks. It hints at design intent and the community habits that turn mechanics into stories.
464	A brief on assessment design in education: how classrooms adapt, what feedback loops work, and why pacing matters. It collects small practices that make learning stick without flashy gimmicks.
465	On air quality in environment, this paragraph tracks everyday interventions that compound over years. It emphasizes pragmatic steps, local context, and the patience required for durable change.
466	Concerning ethics in research in science, this passage traces how careful methods and transparent records turn ideas into evidence. It values small wins and the craft behind reliable results.
467	A note about number theory patterns in maths: start from simple cases, look for invariants, and name the structure you find. The aim is clarity over cleverness, with examples that travel well.
468	Focused on oral traditions in history, this sketch follows threads across time rather than reciting dates. It asks who kept the records, who was left out, and how interpretations shift.
469	Regarding desert ecology in geography, the piece ties physical patterns to livelihoods. It reads maps like narratives, showing how terrain nudges routes, borders, and everyday choices.
470	A vignette about detective notes in fiction: two sentences linger on a detail, then the scene pivots. It trusts subtext, leaving space for the reader to finish the moment.
471	This note reflects campaign messaging in politics, sketching how small choices ripple through institutions. It favors concrete examples over slogans, weighing trade‑offs and showing how people build consensus when goals collide.
472	A snapshot of grassroots leagues in sport: routines, nerves, and the way tiny adjustments decide matches. It reads like sideline notes, mixing tactics with the stubborn joy that keeps athletes coming back.
473	Here the focus is game balancing within gaming, where players test ideas, fail fast, and share tricks. It hints at design intent and the community habits that turn mechanics into stories.
474	A brief on remote classrooms in education: how classrooms adapt, what feedback loops work, and why pacing matters. It collects small practices that make learning stick without flashy gimmicks.
475	On recycling challenges in environment, this paragraph tracks everyday interventions that compound over years. It emphasizes pragmatic steps, local context, and the patience required for durable change.
476	Concerning grant writing in science, this passage traces how careful methods and transparent records turn ideas into evidence. It values small wins and the craft behind reliable results.
477	A note about combinatorial puzzles in maths: start from simple cases, look for invariants, and name the structure you find. The aim is clarity over cleverness, with examples that travel well.
478	Focused on migration routes in history, this sketch follows threads across time rather than reciting dates. It asks who kept the records, who was left out, and how interpretations shift.
479	Regarding plate boundaries in geography, the piece ties physical patterns to livelihoods. It reads maps like narratives, showing how terrain nudges routes, borders, and everyday choices.
480	A vignette about small-town secrets in fiction: two sentences linger on a detail, then the scene pivots. It trusts subtext, leaving space for the reader to finish the moment.
481	This note reflects policy trade-offs in politics, sketching how small choices ripple through institutions. It favors concrete examples over slogans, weighing trade‑offs and showing how people build consensus when goals collide.
482	A snapshot of records and milestones in sport: routines, nerves, and the way tiny adjustments decide matches. It reads like sideline notes, mixing tactics with the stubborn joy that keeps athletes coming back.
483	Here the focus is player accessibility within gaming, where players test ideas, fail fast, and share tricks. It hints at design intent and the community habits that turn mechanics into stories.
484	A brief on peer instruction in education: how classrooms adapt, what feedback loops work, and why pacing matters. It collects small practices that make learning stick without flashy gimmicks.
485	On water stewardship in environment, this paragraph tracks everyday interventions that compound over years. It emphasizes pragmatic steps, local context, and the patience required for durable change.
486	Concerning grant writing in science, this passage traces how careful methods and transparent records turn ideas into evidence. It values small wins and the craft behind reliable results.
487	A note about proof strategies in maths: start from simple cases, look for invariants, and name the structure you find. The aim is clarity over cleverness, with examples that travel well.
488	Focused on technological shifts in history, this sketch follows threads across time rather than reciting dates. It asks who kept the records, who was left out, and how interpretations shift.
489	Regarding desert ecology in geography, the piece ties physical patterns to livelihoods. It reads maps like narratives, showing how terrain nudges routes, borders, and everyday choices.
490	A vignette about road trips in fiction: two sentences linger on a detail, then the scene pivots. It trusts subtext, leaving space for the reader to finish the moment.
491	This note reflects transparency in politics, sketching how small choices ripple through institutions. It favors concrete examples over slogans, weighing trade‑offs and showing how people build consensus when goals collide.
492	A snapshot of records and milestones in sport: routines, nerves, and the way tiny adjustments decide matches. It reads like sideline notes, mixing tactics with the stubborn joy that keeps athletes coming back.
493	Here the focus is player accessibility within gaming, where players test ideas, fail fast, and share tricks. It hints at design intent and the community habits that turn mechanics into stories.
494	A brief on curriculum revisions in education: how classrooms adapt, what feedback loops work, and why pacing matters. It collects small practices that make learning stick without flashy gimmicks.
495	On reforestation in environment, this paragraph tracks everyday interventions that compound over years. It emphasizes pragmatic steps, local context, and the patience required for durable change.
496	Concerning computational modeling in science, this passage traces how careful methods and transparent records turn ideas into evidence. It values small wins and the craft behind reliable results.
497	A note about graph thinking in maths: start from simple cases, look for invariants, and name the structure you find. The aim is clarity over cleverness, with examples that travel well.
498	Focused on migration routes in history, this sketch follows threads across time rather than reciting dates. It asks who kept the records, who was left out, and how interpretations shift.
499	Regarding agricultural belts in geography, the piece ties physical patterns to livelihoods. It reads maps like narratives, showing how terrain nudges routes, borders, and everyday choices.
500	A vignette about myth retellings in fiction: two sentences linger on a detail, then the scene pivots. It trusts subtext, leaving space for the reader to finish the moment.
