id	text
0	This note reflects voter turnout in politics, sketching how small choices ripple through institutions. It favors concrete examples over slogans, weighing trade-offs and showing how people build consensus when goals collide.
58	Regarding transport corridors in geography, the piece ties physical patterns to livelihoods. It reads maps like narratives, showing how terrain nudges routes, borders, and everyday choices.
62	Here the focus is game balancing within gaming, where players test ideas, fail fast, and share tricks. It hints at design intent and the community habits that turn mechanics into stories.
27	Focused on primary sources in history, this sketch follows threads across time rather than reciting dates. It asks who kept the records, who was left out, and how interpretations shift.
35	Concerning reproducibility in science, this passage traces how careful methods and transparent records turn ideas into evidence. It values small wins and the craft behind reliable results.
79	A vignette about time slips in fiction: two sentences linger on a detail, then the scene pivots. It trusts subtext, leaving space for the reader to finish the moment.
76	A note about combinatorial puzzles in maths: start from simple cases, look for invariants, and name the structure you find. The aim is clarity over cleverness, with examples that travel well.
44	On water stewardship in environment, this paragraph tracks everyday interventions that compound over years. It emphasizes pragmatic steps, local context, and the patience required for durable change.
71	A snapshot of training cycles in sport: routines, nerves, and the way tiny adjustments decide matches. It reads like sideline notes, mixing tactics with the stubborn joy that keeps athletes coming back.
3	A brief on edtech tools in education: how classrooms adapt, what feedback loops work, and why pacing matters. It collects small practices that make learning stick without flashy gimmicks.
